option_id,person_id,identity_key,status,identity_scope,merge_group_id,merge_target_person_id,display_label,rationale,editor_note
"idopt-0001","person-000001","Aaron@Exo.4.14-Heb=H0175","independent","default","","","","Default conservative identity, no merges applied.","Auto-import from source:0002 (TIPNR - Translators Individualised Proper Names with all References - STEPBible.org CC BY.txt)"
"idopt-0002","person-000002","Abel@Gen.4.2-Heb=H1893","independent","default","","","","Default conservative identity, no merges applied.","Auto-import from source:0002 (TIPNR - Translators Individualised Proper Names with all References - STEPBible.org CC BY.txt)"
"idopt-0003","person-000003","Abiathar@1Sa.22.20-Mrk=H0054","independent","default","","","","Default conservative identity, no merges applied.","Auto-import from source:0002 (TIPNR - Translators Individualised Proper Names with all References - STEPBible.org CC BY.txt)"
"idopt-0004","person-000004","Abijah@1Ch.24.10-Luk=H0029L","independent","default","","","","Default conservative identity, no merges applied.","Auto-import from source:0002 (TIPNR - Translators Individualised Proper Names with all References - STEPBible.org CC BY.txt)"
"idopt-0005","person-000005","Abijah@1Ki.14.31-Mat=H0029I","independent","default","","","","Default conservative identity, no merges applied.","Auto-import from source:0002 (TIPNR - Translators Individualised Proper Names with all References - STEPBible.org CC BY.txt)"
"idopt-0006","person-000006","Abiud@Mat.1.13=G0010","independent","default","","","","Default conservative identity, no merges applied.","Auto-import from source:0002 (TIPNR - Translators Individualised Proper Names with all References - STEPBible.org CC BY.txt)"
"idopt-0007","person-000007","Abraham@Gen.11.26-1Pe=H0085","independent","default","","","","Default conservative identity, no merges applied.","Auto-import from source:0002 (TIPNR - Translators Individualised Proper Names with all References - STEPBible.org CC BY.txt)"
"idopt-0008","person-000008","Achaicus@1Co.16.17-=G0883","independent","default","","","","Default conservative identity, no merges applied.","Auto-import from source:0002 (TIPNR - Translators Individualised Proper Names with all References - STEPBible.org CC BY.txt)"
"idopt-0009","person-000009","Achim@Mat.1.14=G0885","independent","default","","","","Default conservative identity, no merges applied.","Auto-import from source:0002 (TIPNR - Translators Individualised Proper Names with all References - STEPBible.org CC BY.txt)"
"idopt-0010","person-000010","Adam@Gen.2.19-Jud=H0121G","independent","default","","","","Default conservative identity, no merges applied.","Auto-import from source:0002 (TIPNR - Translators Individualised Proper Names with all References - STEPBible.org CC BY.txt)"
"idopt-0011","person-000011","Addi@Luk.3.28=G0078","independent","default","","","","Default conservative identity, no merges applied.","Auto-import from source:0002 (TIPNR - Translators Individualised Proper Names with all References - STEPBible.org CC BY.txt)"
"idopt-0012","person-000012","Aeneas@Act.9.33-=G0132","independent","default","","","","Default conservative identity, no merges applied.","Auto-import from source:0002 (TIPNR - Translators Individualised Proper Names with all References - STEPBible.org CC BY.txt)"
"idopt-0013","person-000013","Agabus@Act.11.28-=G0013","independent","default","","","","Default conservative identity, no merges applied.","Auto-import from source:0002 (TIPNR - Translators Individualised Proper Names with all References - STEPBible.org CC BY.txt)"
"idopt-0014","person-000014","Agrippa@Act.25.13-=G0067","independent","default","","","","Default conservative identity, no merges applied.","Auto-import from source:0002 (TIPNR - Translators Individualised Proper Names with all References - STEPBible.org CC BY.txt)"
"idopt-0015","person-000015","Ahaz@2Ki.15.38-Mat=H0271G","independent","default","","","","Default conservative identity, no merges applied.","Auto-import from source:0002 (TIPNR - Translators Individualised Proper Names with all References - STEPBible.org CC BY.txt)"
"idopt-0016","person-000016","Alexander@1Ti.1.20-2Ti=G0223J","independent","default","","","","Default conservative identity, no merges applied.","Auto-import from source:0002 (TIPNR - Translators Individualised Proper Names with all References - STEPBible.org CC BY.txt)"
"idopt-0017","person-000017","Alexander@Act.19.33=G0223I","independent","default","","","","Default conservative identity, no merges applied.","Auto-import from source:0002 (TIPNR - Translators Individualised Proper Names with all References - STEPBible.org CC BY.txt)"
"idopt-0018","person-000018","Alexander@Act.4.6=G0223H","independent","default","","","","Default conservative identity, no merges applied.","Auto-import from source:0002 (TIPNR - Translators Individualised Proper Names with all References - STEPBible.org CC BY.txt)"
"idopt-0019","person-000019","Alexander@Mrk.15.21=G0223G","independent","default","","","","Default conservative identity, no merges applied.","Auto-import from source:0002 (TIPNR - Translators Individualised Proper Names with all References - STEPBible.org CC BY.txt)"
"idopt-0020","person-000020","Alphaeus@Mat.10.3-Act=G0256","independent","default","","","","Default conservative identity, no merges applied.","Auto-import from source:0002 (TIPNR - Translators Individualised Proper Names with all References - STEPBible.org CC BY.txt)"
"idopt-0021","person-000021","Amminadab@Exo.6.23-Luk=H5992G","independent","default","","","","Default conservative identity, no merges applied.","Auto-import from source:0002 (TIPNR - Translators Individualised Proper Names with all References - STEPBible.org CC BY.txt)"
"idopt-0022","person-000022","Amon@2Ki.21.18-Mat=H0526H","independent","default","","","","Default conservative identity, no merges applied.","Auto-import from source:0002 (TIPNR - Translators Individualised Proper Names with all References - STEPBible.org CC BY.txt)"
"idopt-0023","person-000023","Amos@Luk.3.25=G0301G","independent","default","","","","Default conservative identity, no merges applied.","Auto-import from source:0002 (TIPNR - Translators Individualised Proper Names with all References - STEPBible.org CC BY.txt)"
"idopt-0024","person-000024","Ampliatus@Rom.16.8=G0291","independent","default","","","","Default conservative identity, no merges applied.","Auto-import from source:0002 (TIPNR - Translators Individualised Proper Names with all References - STEPBible.org CC BY.txt)"
"idopt-0025","person-000025","Ananias@Act.23.2-=G0367I","independent","default","","","","Default conservative identity, no merges applied.","Auto-import from source:0002 (TIPNR - Translators Individualised Proper Names with all References - STEPBible.org CC BY.txt)"
"idopt-0026","person-000026","Ananias@Act.5.1-=G0367G","independent","default","","","","Default conservative identity, no merges applied.","Auto-import from source:0002 (TIPNR - Translators Individualised Proper Names with all References - STEPBible.org CC BY.txt)"
"idopt-0027","person-000027","Ananias@Act.9.10-=G0367H","independent","default","","","","Default conservative identity, no merges applied.","Auto-import from source:0002 (TIPNR - Translators Individualised Proper Names with all References - STEPBible.org CC BY.txt)"
"idopt-0028","person-000028","Andrew@Mat.4.18-Act=G0406","independent","default","","","","Default conservative identity, no merges applied.","Auto-import from source:0002 (TIPNR - Translators Individualised Proper Names with all References - STEPBible.org CC BY.txt)"
"idopt-0029","person-000029","Andronicus@Rom.16.7=G0408","independent","default","","","","Default conservative identity, no merges applied.","Auto-import from source:0002 (TIPNR - Translators Individualised Proper Names with all References - STEPBible.org CC BY.txt)"
"idopt-0030","person-000030","Anna@Luk.2.36=G0451","independent","default","","","","Default conservative identity, no merges applied.","Auto-import from source:0002 (TIPNR - Translators Individualised Proper Names with all References - STEPBible.org CC BY.txt)"
"idopt-0031","person-000031","Annas@Luk.3.2-Act=G0452","independent","default","","","","Default conservative identity, no merges applied.","Auto-import from source:0002 (TIPNR - Translators Individualised Proper Names with all References - STEPBible.org CC BY.txt)"
"idopt-0032","person-000032","Antipas@Rev.2.13=G0493","independent","default","","","","Default conservative identity, no merges applied.","Auto-import from source:0002 (TIPNR - Translators Individualised Proper Names with all References - STEPBible.org CC BY.txt)"
"idopt-0033","person-000033","Apelles@Rom.16.10=G0559","independent","default","","","","Default conservative identity, no merges applied.","Auto-import from source:0002 (TIPNR - Translators Individualised Proper Names with all References - STEPBible.org CC BY.txt)"
"idopt-0034","person-000034","Apollos@Act.18.24-Tit=G0625","independent","default","","","","Default conservative identity, no merges applied.","Auto-import from source:0002 (TIPNR - Translators Individualised Proper Names with all References - STEPBible.org CC BY.txt)"
"idopt-0035","person-000035","Apphia@Phm.1.2=G0682","independent","default","","","","Default conservative identity, no merges applied.","Auto-import from source:0002 (TIPNR - Translators Individualised Proper Names with all References - STEPBible.org CC BY.txt)"
"idopt-0036","person-000036","Aquila@Act.18.2-2Ti=G0207","independent","default","","","","Default conservative identity, no merges applied.","Auto-import from source:0002 (TIPNR - Translators Individualised Proper Names with all References - STEPBible.org CC BY.txt)"
"idopt-0037","person-000037","Archelaus@Mat.2.22=G0745","independent","default","","","","Default conservative identity, no merges applied.","Auto-import from source:0002 (TIPNR - Translators Individualised Proper Names with all References - STEPBible.org CC BY.txt)"
"idopt-0038","person-000038","Archippus@Col.4.17-Phm=G0751","independent","default","","","","Default conservative identity, no merges applied.","Auto-import from source:0002 (TIPNR - Translators Individualised Proper Names with all References - STEPBible.org CC BY.txt)"
"idopt-0039","person-000039","Aretas@2Co.11.32=G0702","independent","default","","","","Default conservative identity, no merges applied.","Auto-import from source:0002 (TIPNR - Translators Individualised Proper Names with all References - STEPBible.org CC BY.txt)"
"idopt-0040","person-000040","Aristarchus@Act.19.29-Phm=G0708","independent","default","","","","Default conservative identity, no merges applied.","Auto-import from source:0002 (TIPNR - Translators Individualised Proper Names with all References - STEPBible.org CC BY.txt)"
"idopt-0041","person-000041","Aristobulus@Rom.16.10=G0711","independent","default","","","","Default conservative identity, no merges applied.","Auto-import from source:0002 (TIPNR - Translators Individualised Proper Names with all References - STEPBible.org CC BY.txt)"
"idopt-0042","person-000042","Arpachshad@Gen.10.22-Luk=H0775","independent","default","","","","Default conservative identity, no merges applied.","Auto-import from source:0002 (TIPNR - Translators Individualised Proper Names with all References - STEPBible.org CC BY.txt)"
"idopt-0043","person-000043","Artemas@Tit.3.12=G0734","independent","default","","","","Default conservative identity, no merges applied.","Auto-import from source:0002 (TIPNR - Translators Individualised Proper Names with all References - STEPBible.org CC BY.txt)"
"idopt-0044","person-000044","Asa@1Ki.15.8-Mat=H0609G","independent","default","","","","Default conservative identity, no merges applied.","Auto-import from source:0002 (TIPNR - Translators Individualised Proper Names with all References - STEPBible.org CC BY.txt)"
"idopt-0045","person-000045","Asher@Gen.30.13-Rev=H0836","independent","default","","","","Default conservative identity, no merges applied.","Auto-import from source:0002 (TIPNR - Translators Individualised Proper Names with all References - STEPBible.org CC BY.txt)"
"idopt-0046","person-000046","Asyncritus@Rom.16.14=G0799","independent","default","","","","Default conservative identity, no merges applied.","Auto-import from source:0002 (TIPNR - Translators Individualised Proper Names with all References - STEPBible.org CC BY.txt)"
"idopt-0047","person-000047","Augustus@Luk.2.1-Act=G0828","independent","default","","","","Default conservative identity, no merges applied.","Auto-import from source:0002 (TIPNR - Translators Individualised Proper Names with all References - STEPBible.org CC BY.txt)"
"idopt-0048","person-000048","Azor@Mat.1.13-=G0107","independent","default","","","","Default conservative identity, no merges applied.","Auto-import from source:0002 (TIPNR - Translators Individualised Proper Names with all References - STEPBible.org CC BY.txt)"
"idopt-0049","person-000049","Balaam@Num.22.5-Rev=H1109A","independent","default","","","","Default conservative identity, no merges applied.","Auto-import from source:0002 (TIPNR - Translators Individualised Proper Names with all References - STEPBible.org CC BY.txt)"
"idopt-0050","person-000050","Balak@Num.22.2-Rev=H1111","independent","default","","","","Default conservative identity, no merges applied.","Auto-import from source:0002 (TIPNR - Translators Individualised Proper Names with all References - STEPBible.org CC BY.txt)"
"idopt-0051","person-000051","Barabbas@Mat.27.16-Jhn=G0912","independent","default","","","","Default conservative identity, no merges applied.","Auto-import from source:0002 (TIPNR - Translators Individualised Proper Names with all References - STEPBible.org CC BY.txt)"
"idopt-0052","person-000052","Barak@Jdg.4.6-Heb=H1301","independent","default","","","","Default conservative identity, no merges applied.","Auto-import from source:0002 (TIPNR - Translators Individualised Proper Names with all References - STEPBible.org CC BY.txt)"
"idopt-0053","person-000053","Bar-jesus@Act.13.6-=G0919","independent","default","","","","Default conservative identity, no merges applied.","Auto-import from source:0002 (TIPNR - Translators Individualised Proper Names with all References - STEPBible.org CC BY.txt)"
"idopt-0054","person-000054","Barnabas@Act.4.36-Col=G0921G","independent","default","","","","Default conservative identity, no merges applied.","Auto-import from source:0002 (TIPNR - Translators Individualised Proper Names with all References - STEPBible.org CC BY.txt)"
"idopt-0055","person-000055","Bartholomew@Mat.10.3-Act=G0918","independent","default","","","","Default conservative identity, no merges applied.","Auto-import from source:0002 (TIPNR - Translators Individualised Proper Names with all References - STEPBible.org CC BY.txt)"
"idopt-0056","person-000056","Bartimaeus@Mrk.10.46=G0924","independent","default","","","","Default conservative identity, no merges applied.","Auto-import from source:0002 (TIPNR - Translators Individualised Proper Names with all References - STEPBible.org CC BY.txt)"
"idopt-0057","person-000057","Benjamin@Gen.35.18-Rev=H1144G","independent","default","","","","Default conservative identity, no merges applied.","Auto-import from source:0002 (TIPNR - Translators Individualised Proper Names with all References - STEPBible.org CC BY.txt)"
"idopt-0058","person-000058","Beor@Num.22.5-2Pe=H1160H","independent","default","","","","Default conservative identity, no merges applied.","Auto-import from source:0002 (TIPNR - Translators Individualised Proper Names with all References - STEPBible.org CC BY.txt)"
"idopt-0059","person-000059","Bernice@Act.25.13-=G0959","independent","default","","","","Default conservative identity, no merges applied.","Auto-import from source:0002 (TIPNR - Translators Individualised Proper Names with all References - STEPBible.org CC BY.txt)"
"idopt-0060","person-000060","Blastus@Act.12.20=G0986","independent","default","","","","Default conservative identity, no merges applied.","Auto-import from source:0002 (TIPNR - Translators Individualised Proper Names with all References - STEPBible.org CC BY.txt)"
"idopt-0061","person-000061","Boaz@Rut.2.1-Luk=H1162G","independent","default","","","","Default conservative identity, no merges applied.","Auto-import from source:0002 (TIPNR - Translators Individualised Proper Names with all References - STEPBible.org CC BY.txt)"
"idopt-0062","person-000062","Caiaphas@Mat.26.3-Act=G2533G","independent","default","","","","Default conservative identity, no merges applied.","Auto-import from source:0002 (TIPNR - Translators Individualised Proper Names with all References - STEPBible.org CC BY.txt)"
"idopt-0063","person-000063","Cain@Gen.4.1-Jud=H7014B","independent","default","","","","Default conservative identity, no merges applied.","Auto-import from source:0002 (TIPNR - Translators Individualised Proper Names with all References - STEPBible.org CC BY.txt)"
"idopt-0064","person-000064","Cainan@Luk.3.36=G2536G","independent","default","","","","Default conservative identity, no merges applied.","Auto-import from source:0002 (TIPNR - Translators Individualised Proper Names with all References - STEPBible.org CC BY.txt)"
"idopt-0065","person-000065","Carpus@2Ti.4.13=G2591","independent","default","","","","Default conservative identity, no merges applied.","Auto-import from source:0002 (TIPNR - Translators Individualised Proper Names with all References - STEPBible.org CC BY.txt)"
"idopt-0066","person-000066","Chloe@1Co.1.11=G5514G","independent","default","","","","Default conservative identity, no merges applied.","Auto-import from source:0002 (TIPNR - Translators Individualised Proper Names with all References - STEPBible.org CC BY.txt)"
"idopt-0067","person-000067","Chuza@Luk.8.3=G5529","independent","default","","","","Default conservative identity, no merges applied.","Auto-import from source:0002 (TIPNR - Translators Individualised Proper Names with all References - STEPBible.org CC BY.txt)"
"idopt-0068","person-000068","Claudia@2Ti.4.21=G2803","independent","default","","","","Default conservative identity, no merges applied.","Auto-import from source:0002 (TIPNR - Translators Individualised Proper Names with all References - STEPBible.org CC BY.txt)"
"idopt-0069","person-000069","Claudius@Act.11.28-=G2804G","independent","default","","","","Default conservative identity, no merges applied.","Auto-import from source:0002 (TIPNR - Translators Individualised Proper Names with all References - STEPBible.org CC BY.txt)"
"idopt-0070","person-000070","Clement@Php.4.3=G2815","independent","default","","","","Default conservative identity, no merges applied.","Auto-import from source:0002 (TIPNR - Translators Individualised Proper Names with all References - STEPBible.org CC BY.txt)"
"idopt-0071","person-000071","Cornelius@Act.10.1-=G2883","independent","default","","","","Default conservative identity, no merges applied.","Auto-import from source:0002 (TIPNR - Translators Individualised Proper Names with all References - STEPBible.org CC BY.txt)"
"idopt-0072","person-000072","Cosam@Luk.3.28=G2973","independent","default","","","","Default conservative identity, no merges applied.","Auto-import from source:0002 (TIPNR - Translators Individualised Proper Names with all References - STEPBible.org CC BY.txt)"
"idopt-0073","person-000073","Crescens@2Ti.4.10=G2913","independent","default","","","","Default conservative identity, no merges applied.","Auto-import from source:0002 (TIPNR - Translators Individualised Proper Names with all References - STEPBible.org CC BY.txt)"
"idopt-0074","person-000074","Crispus@Act.18.8-1Co=G2921","independent","default","","","","Default conservative identity, no merges applied.","Auto-import from source:0002 (TIPNR - Translators Individualised Proper Names with all References - STEPBible.org CC BY.txt)"
"idopt-0075","person-000075","Damaris@Act.17.34=G1152","independent","default","","","","Default conservative identity, no merges applied.","Auto-import from source:0002 (TIPNR - Translators Individualised Proper Names with all References - STEPBible.org CC BY.txt)"
"idopt-0076","person-000076","Daniel@Ezk.14.14-Mrk=H1840G","independent","default","","","","Default conservative identity, no merges applied.","Auto-import from source:0002 (TIPNR - Translators Individualised Proper Names with all References - STEPBible.org CC BY.txt)"
"idopt-0077","person-000077","David@Rut.4.17-Rev=H1732","independent","default","","","","Default conservative identity, no merges applied.","Auto-import from source:0002 (TIPNR - Translators Individualised Proper Names with all References - STEPBible.org CC BY.txt)"
"idopt-0078","person-000078","Demas@Col.4.14-Phm=G1214","independent","default","","","","Default conservative identity, no merges applied.","Auto-import from source:0002 (TIPNR - Translators Individualised Proper Names with all References - STEPBible.org CC BY.txt)"
"idopt-0079","person-000079","Demetrius@Act.19.24-3Jn=G1216","independent","default","","","","Default conservative identity, no merges applied.","Auto-import from source:0002 (TIPNR - Translators Individualised Proper Names with all References - STEPBible.org CC BY.txt)"
"idopt-0080","person-000080","Dionysius@Act.17.34=G1354","independent","default","","","","Default conservative identity, no merges applied.","Auto-import from source:0002 (TIPNR - Translators Individualised Proper Names with all References - STEPBible.org CC BY.txt)"
"idopt-0081","person-000081","Diotrephes@3Jn.1.9=G1361","independent","default","","","","Default conservative identity, no merges applied.","Auto-import from source:0002 (TIPNR - Translators Individualised Proper Names with all References - STEPBible.org CC BY.txt)"
"idopt-0082","person-000082","Drusilla@Act.24.24=G1409","independent","default","","","","Default conservative identity, no merges applied.","Auto-import from source:0002 (TIPNR - Translators Individualised Proper Names with all References - STEPBible.org CC BY.txt)"
"idopt-0083","person-000083","Eber@Gen.10.21-Luk=H5677G","independent","default","","","","Default conservative identity, no merges applied.","Auto-import from source:0002 (TIPNR - Translators Individualised Proper Names with all References - STEPBible.org CC BY.txt)"
"idopt-0084","person-000084","Eleazar@Mat.1.15=G1648","independent","default","","","","Default conservative identity, no merges applied.","Auto-import from source:0002 (TIPNR - Translators Individualised Proper Names with all References - STEPBible.org CC BY.txt)"
"idopt-0085","person-000085","Eliakim@Luk.3.30=G1662H","independent","default","","","","Default conservative identity, no merges applied.","Auto-import from source:0002 (TIPNR - Translators Individualised Proper Names with all References - STEPBible.org CC BY.txt)"
"idopt-0086","person-000086","Eliakim@Mat.1.13=G1662G","independent","default","","","","Default conservative identity, no merges applied.","Auto-import from source:0002 (TIPNR - Translators Individualised Proper Names with all References - STEPBible.org CC BY.txt)"
"idopt-0087","person-000087","Eliezer@Luk.3.29=G1663","independent","default","","","","Default conservative identity, no merges applied.","Auto-import from source:0002 (TIPNR - Translators Individualised Proper Names with all References - STEPBible.org CC BY.txt)"
"idopt-0088","person-000088","Elijah@1Ki.17.1-Jas=H0452G","independent","default","","","","Default conservative identity, no merges applied.","Auto-import from source:0002 (TIPNR - Translators Individualised Proper Names with all References - STEPBible.org CC BY.txt)"
"idopt-0089","person-000089","Elisha@1Ki.19.16-Luk=H0477","independent","default","","","","Default conservative identity, no merges applied.","Auto-import from source:0002 (TIPNR - Translators Individualised Proper Names with all References - STEPBible.org CC BY.txt)"
"idopt-0090","person-000090","Eliud@Mat.1.14-=G1664","independent","default","","","","Default conservative identity, no merges applied.","Auto-import from source:0002 (TIPNR - Translators Individualised Proper Names with all References - STEPBible.org CC BY.txt)"
"idopt-0091","person-000091","Elizabeth@Luk.1.5-=G1665G","independent","default","","","","Default conservative identity, no merges applied.","Auto-import from source:0002 (TIPNR - Translators Individualised Proper Names with all References - STEPBible.org CC BY.txt)"
"idopt-0092","person-000092","Elmadam@Luk.3.28=G1678","independent","default","","","","Default conservative identity, no merges applied.","Auto-import from source:0002 (TIPNR - Translators Individualised Proper Names with all References - STEPBible.org CC BY.txt)"
"idopt-0093","person-000093","Enoch@Gen.5.18-Jud=H2585H","independent","default","","","","Default conservative identity, no merges applied.","Auto-import from source:0002 (TIPNR - Translators Individualised Proper Names with all References - STEPBible.org CC BY.txt)"
"idopt-0094","person-000094","Enosh@Gen.4.26-Luk=H0583","independent","default","","","","Default conservative identity, no merges applied.","Auto-import from source:0002 (TIPNR - Translators Individualised Proper Names with all References - STEPBible.org CC BY.txt)"
"idopt-0095","person-000095","Epaenetus@Rom.16.5=G1866","independent","default","","","","Default conservative identity, no merges applied.","Auto-import from source:0002 (TIPNR - Translators Individualised Proper Names with all References - STEPBible.org CC BY.txt)"
"idopt-0096","person-000096","Epaphras@Col.1.7-Phm=G1889","independent","default","","","","Default conservative identity, no merges applied.","Auto-import from source:0002 (TIPNR - Translators Individualised Proper Names with all References - STEPBible.org CC BY.txt)"
"idopt-0097","person-000097","Epaphroditus@Php.2.25-=G1891","independent","default","","","","Default conservative identity, no merges applied.","Auto-import from source:0002 (TIPNR - Translators Individualised Proper Names with all References - STEPBible.org CC BY.txt)"
"idopt-0098","person-000098","Er@Luk.3.28=G2262","independent","default","","","","Default conservative identity, no merges applied.","Auto-import from source:0002 (TIPNR - Translators Individualised Proper Names with all References - STEPBible.org CC BY.txt)"
"idopt-0099","person-000099","Erastus@Act.19.22-2Ti=G2037","independent","default","","","","Default conservative identity, no merges applied.","Auto-import from source:0002 (TIPNR - Translators Individualised Proper Names with all References - STEPBible.org CC BY.txt)"
"idopt-0100","person-000100","Esau@Gen.25.25-Heb=H6215G","independent","default","","","","Default conservative identity, no merges applied.","Auto-import from source:0002 (TIPNR - Translators Individualised Proper Names with all References - STEPBible.org CC BY.txt)"
"idopt-0101","person-000101","Esli@Luk.3.25=G2069","independent","default","","","","Default conservative identity, no merges applied.","Auto-import from source:0002 (TIPNR - Translators Individualised Proper Names with all References - STEPBible.org CC BY.txt)"
"idopt-0102","person-000102","Eubulus@2Ti.4.21=G2103","independent","default","","","","Default conservative identity, no merges applied.","Auto-import from source:0002 (TIPNR - Translators Individualised Proper Names with all References - STEPBible.org CC BY.txt)"
"idopt-0103","person-000103","Eunice@2Ti.1.5=G2131G","independent","default","","","","Default conservative identity, no merges applied.","Auto-import from source:0002 (TIPNR - Translators Individualised Proper Names with all References - STEPBible.org CC BY.txt)"
"idopt-0104","person-000104","Euodia@Php.4.2=G2136","independent","default","","","","Default conservative identity, no merges applied.","Auto-import from source:0002 (TIPNR - Translators Individualised Proper Names with all References - STEPBible.org CC BY.txt)"
"idopt-0105","person-000105","Eutychus@Act.20.9=G2161","independent","default","","","","Default conservative identity, no merges applied.","Auto-import from source:0002 (TIPNR - Translators Individualised Proper Names with all References - STEPBible.org CC BY.txt)"
"idopt-0106","person-000106","Eve@Gen.3.20-1Ti=H2332","independent","default","","","","Default conservative identity, no merges applied.","Auto-import from source:0002 (TIPNR - Translators Individualised Proper Names with all References - STEPBible.org CC BY.txt)"
"idopt-0107","person-000107","Felix@Act.23.24-=G5344","independent","default","","","","Default conservative identity, no merges applied.","Auto-import from source:0002 (TIPNR - Translators Individualised Proper Names with all References - STEPBible.org CC BY.txt)"
"idopt-0108","person-000108","Festus@Act.24.27-=G5347","independent","default","","","","Default conservative identity, no merges applied.","Auto-import from source:0002 (TIPNR - Translators Individualised Proper Names with all References - STEPBible.org CC BY.txt)"
"idopt-0109","person-000109","Fortunatus@1Co.16.17-=G5415","independent","default","","","","Default conservative identity, no merges applied.","Auto-import from source:0002 (TIPNR - Translators Individualised Proper Names with all References - STEPBible.org CC BY.txt)"
"idopt-0110","person-000110","Gad@Gen.30.11-Rev=H1410G","independent","default","","","","Default conservative identity, no merges applied.","Auto-import from source:0002 (TIPNR - Translators Individualised Proper Names with all References - STEPBible.org CC BY.txt)"
"idopt-0111","person-000111","Gaius@3Jn.1.1=G1050J","independent","default","","","","Default conservative identity, no merges applied.","Auto-import from source:0002 (TIPNR - Translators Individualised Proper Names with all References - STEPBible.org CC BY.txt)"
"idopt-0112","person-000112","Gaius@Act.19.29=G1050G","independent","default","","","","Default conservative identity, no merges applied.","Auto-import from source:0002 (TIPNR - Translators Individualised Proper Names with all References - STEPBible.org CC BY.txt)"
"idopt-0113","person-000113","Gaius@Act.20.4=G1050H","independent","default","","","","Default conservative identity, no merges applied.","Auto-import from source:0002 (TIPNR - Translators Individualised Proper Names with all References - STEPBible.org CC BY.txt)"
"idopt-0114","person-000114","Gaius@Rom.16.23-1Co=G1050I","independent","default","","","","Default conservative identity, no merges applied.","Auto-import from source:0002 (TIPNR - Translators Individualised Proper Names with all References - STEPBible.org CC BY.txt)"
"idopt-0115","person-000115","Gallio@Act.18.12-=G1058","independent","default","","","","Default conservative identity, no merges applied.","Auto-import from source:0002 (TIPNR - Translators Individualised Proper Names with all References - STEPBible.org CC BY.txt)"
"idopt-0116","person-000116","Gamaliel@Act.5.34-=G1059","independent","default","","","","Default conservative identity, no merges applied.","Auto-import from source:0002 (TIPNR - Translators Individualised Proper Names with all References - STEPBible.org CC BY.txt)"
"idopt-0117","person-000117","Gideon@Jdg.6.11-Heb=H1439","independent","default","","","","Default conservative identity, no merges applied.","Auto-import from source:0002 (TIPNR - Translators Individualised Proper Names with all References - STEPBible.org CC BY.txt)"
"idopt-0118","person-000118","Hagar@Gen.16.1-Gal=H1904","independent","default","","","","Default conservative identity, no merges applied.","Auto-import from source:0002 (TIPNR - Translators Individualised Proper Names with all References - STEPBible.org CC BY.txt)"
"idopt-0119","person-000119","Hamor@Gen.33.19-Act=H2544","independent","default","","","","Default conservative identity, no merges applied.","Auto-import from source:0002 (TIPNR - Translators Individualised Proper Names with all References - STEPBible.org CC BY.txt)"
"idopt-0120","person-000120","Heli@Luk.3.23=G2242G","independent","default","","","","Default conservative identity, no merges applied.","Auto-import from source:0002 (TIPNR - Translators Individualised Proper Names with all References - STEPBible.org CC BY.txt)"
"idopt-0121","person-000121","Hermes@Rom.16.14a=G2060H","independent","default","","","","Default conservative identity, no merges applied.","Auto-import from source:0002 (TIPNR - Translators Individualised Proper Names with all References - STEPBible.org CC BY.txt)"
"idopt-0122","person-000122","Hermas@Rom.16.14b=G2057","independent","default","","","","Default conservative identity, no merges applied.","Auto-import from source:0002 (TIPNR - Translators Individualised Proper Names with all References - STEPBible.org CC BY.txt)"
"idopt-0123","person-000123","Hermogenes@2Ti.1.15=G2061","independent","default","","","","Default conservative identity, no merges applied.","Auto-import from source:0002 (TIPNR - Translators Individualised Proper Names with all References - STEPBible.org CC BY.txt)"
"idopt-0124","person-000124","Herod@Act.12.1-=G2264I","independent","default","","","","Default conservative identity, no merges applied.","Auto-import from source:0002 (TIPNR - Translators Individualised Proper Names with all References - STEPBible.org CC BY.txt)"
"idopt-0125","person-000125","Herod@Mat.14.1-Act=G2264H","independent","default","","","","Default conservative identity, no merges applied.","Auto-import from source:0002 (TIPNR - Translators Individualised Proper Names with all References - STEPBible.org CC BY.txt)"
"idopt-0126","person-000126","Herod@Mat.2.1-Act=G2264G","independent","default","","","","Default conservative identity, no merges applied.","Auto-import from source:0002 (TIPNR - Translators Individualised Proper Names with all References - STEPBible.org CC BY.txt)"
"idopt-0127","person-000127","Herodias@Mat.14.3-Luk=G2266G","independent","default","","","","Default conservative identity, no merges applied.","Auto-import from source:0002 (TIPNR - Translators Individualised Proper Names with all References - STEPBible.org CC BY.txt)"
"idopt-0128","person-000128","Herodion@Rom.16.11=G2267","independent","default","","","","Default conservative identity, no merges applied.","Auto-import from source:0002 (TIPNR - Translators Individualised Proper Names with all References - STEPBible.org CC BY.txt)"
"idopt-0129","person-000129","Hezekiah@2Ki.16.20-Mat=H2396G","independent","default","","","","Default conservative identity, no merges applied.","Auto-import from source:0002 (TIPNR - Translators Individualised Proper Names with all References - STEPBible.org CC BY.txt)"
"idopt-0131","person-000131","Hosea@Hos.1.1-Rom=H1954J","independent","default","","","","Default conservative identity, no merges applied.","Auto-import from source:0002 (TIPNR - Translators Individualised Proper Names with all References - STEPBible.org CC BY.txt)"
"idopt-0132","person-000132","Hymenaeus@1Ti.1.20-2Ti=G5211","independent","default","","","","Default conservative identity, no merges applied.","Auto-import from source:0002 (TIPNR - Translators Individualised Proper Names with all References - STEPBible.org CC BY.txt)"
"idopt-0133","person-000133","Isaac@Gen.17.19-Jas=H3327","independent","default","","","","Default conservative identity, no merges applied.","Auto-import from source:0002 (TIPNR - Translators Individualised Proper Names with all References - STEPBible.org CC BY.txt)"
"idopt-0134","person-000134","Isaiah@2Ki.19.2-Rom=H3470A","independent","default","","","","Default conservative identity, no merges applied.","Auto-import from source:0002 (TIPNR - Translators Individualised Proper Names with all References - STEPBible.org CC BY.txt)"
"idopt-0135","person-000135","Israel@Gen.25.26-Rev=H3478","independent","default","","","","Default conservative identity, no merges applied.","Auto-import from source:0002 (TIPNR - Translators Individualised Proper Names with all References - STEPBible.org CC BY.txt)"
"idopt-0137","person-000137","Jacob@Mat.1.15-=G2384G","independent","default","","","","Default conservative identity, no merges applied.","Auto-import from source:0002 (TIPNR - Translators Individualised Proper Names with all References - STEPBible.org CC BY.txt)"
"idopt-0138","person-000138","Jairus@Mrk.5.22-Luk=G2383","independent","default","","","","Default conservative identity, no merges applied.","Auto-import from source:0002 (TIPNR - Translators Individualised Proper Names with all References - STEPBible.org CC BY.txt)"
"idopt-0139","person-000139","Jambres@2Ti.3.8=G2387","independent","default","","","","Default conservative identity, no merges applied.","Auto-import from source:0002 (TIPNR - Translators Individualised Proper Names with all References - STEPBible.org CC BY.txt)"
"idopt-0140","person-000140","James@Luk.6.16-Act=G2385J","independent","default","","","","Default conservative identity, no merges applied.","Auto-import from source:0002 (TIPNR - Translators Individualised Proper Names with all References - STEPBible.org CC BY.txt)"
"idopt-0141","person-000141","James@Mat.10.3-Act=G2385H","independent","default","","","","Default conservative identity, no merges applied.","Auto-import from source:0002 (TIPNR - Translators Individualised Proper Names with all References - STEPBible.org CC BY.txt)"
"idopt-0142","person-000142","James@Mat.13.55-Jud=G2385I","independent","default","","","","Default conservative identity, no merges applied.","Auto-import from source:0002 (TIPNR - Translators Individualised Proper Names with all References - STEPBible.org CC BY.txt)"
"idopt-0143","person-000143","James@Mat.4.21-Act=G2385G","independent","default","","","","Default conservative identity, no merges applied.","Auto-import from source:0002 (TIPNR - Translators Individualised Proper Names with all References - STEPBible.org CC BY.txt)"
"idopt-0144","person-000144","Jannai@Luk.3.24=G2388","independent","default","","","","Default conservative identity, no merges applied.","Auto-import from source:0002 (TIPNR - Translators Individualised Proper Names with all References - STEPBible.org CC BY.txt)"
"idopt-0145","person-000145","Jannes@2Ti.3.8=G2389","independent","default","","","","Default conservative identity, no merges applied.","Auto-import from source:0002 (TIPNR - Translators Individualised Proper Names with all References - STEPBible.org CC BY.txt)"
"idopt-0146","person-000146","Jared@Gen.5.15-Luk=H3382G","independent","default","","","","Default conservative identity, no merges applied.","Auto-import from source:0002 (TIPNR - Translators Individualised Proper Names with all References - STEPBible.org CC BY.txt)"
"idopt-0147","person-000147","Jason@Act.17.5-Rom=G2394","independent","default","","","","Default conservative identity, no merges applied.","Auto-import from source:0002 (TIPNR - Translators Individualised Proper Names with all References - STEPBible.org CC BY.txt)"
"idopt-0149","person-000149","Jehoiachin@2Ki.24.6-Mat=H3078","independent","default","","","","Default conservative identity, no merges applied.","Auto-import from source:0002 (TIPNR - Translators Individualised Proper Names with all References - STEPBible.org CC BY.txt)"
"idopt-0150","person-000150","Jehoiada@2Ki.11.4-Mat=H3077H","independent","default","","","","Default conservative identity, no merges applied.","Auto-import from source:0002 (TIPNR - Translators Individualised Proper Names with all References - STEPBible.org CC BY.txt)"
"idopt-0151","person-000151","Jehoram@1Ki.22.50-Mat=H3088G","independent","default","","","","Default conservative identity, no merges applied.","Auto-import from source:0002 (TIPNR - Translators Individualised Proper Names with all References - STEPBible.org CC BY.txt)"
"idopt-0152","person-000152","Jehoshaphat@1Ki.15.24-Mat=H3092I","independent","default","","","","Default conservative identity, no merges applied.","Auto-import from source:0002 (TIPNR - Translators Individualised Proper Names with all References - STEPBible.org CC BY.txt)"
"idopt-0153","person-000153","Jephthah@Jdg.11.1-Heb=H3316H","independent","default","","","","Default conservative identity, no merges applied.","Auto-import from source:0002 (TIPNR - Translators Individualised Proper Names with all References - STEPBible.org CC BY.txt)"
"idopt-0154","person-000154","Jeremiah@2Ch.35.25-Mat=H3414L","independent","default","","","","Default conservative identity, no merges applied.","Auto-import from source:0002 (TIPNR - Translators Individualised Proper Names with all References - STEPBible.org CC BY.txt)"
"idopt-0155","person-000155","Jesse@Rut.4.17-Rom=H3448","independent","default","","","","Default conservative identity, no merges applied.","Auto-import from source:0002 (TIPNR - Translators Individualised Proper Names with all References - STEPBible.org CC BY.txt)"
"idopt-0156","person-000156","Jesus@Isa.7.14-Rev=G2424G","independent","default","","","","Default conservative identity, no merges applied.","Auto-import from source:0002 (TIPNR - Translators Individualised Proper Names with all References - STEPBible.org CC BY.txt)"
"idopt-0158","person-000158","Joanan@Luk.3.27=G2490","independent","default","","","","Default conservative identity, no merges applied.","Auto-import from source:0002 (TIPNR - Translators Individualised Proper Names with all References - STEPBible.org CC BY.txt)"
"idopt-0159","person-000159","Joanna@Luk.8.3-=G2489","independent","default","","","","Default conservative identity, no merges applied.","Auto-import from source:0002 (TIPNR - Translators Individualised Proper Names with all References - STEPBible.org CC BY.txt)"
"idopt-0160","person-000160","Job@Job.1.1-Jas=H0347","independent","default","","","","Default conservative identity, no merges applied.","Auto-import from source:0002 (TIPNR - Translators Individualised Proper Names with all References - STEPBible.org CC BY.txt)"
"idopt-0161","person-000161","Joda@Luk.3.26=G6043","independent","default","","","","Default conservative identity, no merges applied.","Auto-import from source:0002 (TIPNR - Translators Individualised Proper Names with all References - STEPBible.org CC BY.txt)"
"idopt-0162","person-000162","Joel@Jol.1.1-Act=H3100T","independent","default","","","","Default conservative identity, no merges applied.","Auto-import from source:0002 (TIPNR - Translators Individualised Proper Names with all References - STEPBible.org CC BY.txt)"
"idopt-0163","person-000163","John@Act.4.6=G2491I","independent","default","","","","Default conservative identity, no merges applied.","Auto-import from source:0002 (TIPNR - Translators Individualised Proper Names with all References - STEPBible.org CC BY.txt)"
"idopt-0164","person-000164","John@Mat.16.17-Jhn=G2491K","independent","default","","","","Default conservative identity, no merges applied.","Auto-import from source:0002 (TIPNR - Translators Individualised Proper Names with all References - STEPBible.org CC BY.txt)"
"idopt-0165","person-000165","John@Mat.3.1-Act=G2491G","independent","default","","","","Default conservative identity, no merges applied.","Auto-import from source:0002 (TIPNR - Translators Individualised Proper Names with all References - STEPBible.org CC BY.txt)"
"idopt-0166","person-000166","John@Mat.4.21-Rev=G2491H","independent","default","","","","Default conservative identity, no merges applied.","Auto-import from source:0002 (TIPNR - Translators Individualised Proper Names with all References - STEPBible.org CC BY.txt)"
"idopt-0167","person-000167","Jonah@2Ki.14.25-Luk=H3124","independent","default","","","","Default conservative identity, no merges applied.","Auto-import from source:0002 (TIPNR - Translators Individualised Proper Names with all References - STEPBible.org CC BY.txt)"
"idopt-0168","person-000168","Jonam@Luk.3.30=G2494","independent","default","","","","Default conservative identity, no merges applied.","Auto-import from source:0002 (TIPNR - Translators Individualised Proper Names with all References - STEPBible.org CC BY.txt)"
"idopt-0169","person-000169","Jorim@Luk.3.29=G2497","independent","default","","","","Default conservative identity, no merges applied.","Auto-import from source:0002 (TIPNR - Translators Individualised Proper Names with all References - STEPBible.org CC BY.txt)"
"idopt-0170","person-000170","Josech@Luk.3.26=G6044","independent","default","","","","Default conservative identity, no merges applied.","Auto-import from source:0002 (TIPNR - Translators Individualised Proper Names with all References - STEPBible.org CC BY.txt)"
"idopt-0171","person-000171","Joseph@Act.1.23=G2501M","independent","default","","","","Default conservative identity, no merges applied.","Auto-import from source:0002 (TIPNR - Translators Individualised Proper Names with all References - STEPBible.org CC BY.txt)"
"idopt-0172","person-000172","Joseph@Gen.30.24-Rev=H3130G","independent","default","","","","Default conservative identity, no merges applied.","Auto-import from source:0002 (TIPNR - Translators Individualised Proper Names with all References - STEPBible.org CC BY.txt)"
"idopt-0173","person-000173","Joseph@Luk.3.24=G2501J","independent","default","","","","Default conservative identity, no merges applied.","Auto-import from source:0002 (TIPNR - Translators Individualised Proper Names with all References - STEPBible.org CC BY.txt)"
"idopt-0174","person-000174","Joseph@Luk.3.30=G2501L","independent","default","","","","Default conservative identity, no merges applied.","Auto-import from source:0002 (TIPNR - Translators Individualised Proper Names with all References - STEPBible.org CC BY.txt)"
"idopt-0175","person-000175","Joseph@Mat.1.16-Jhn=G2501G","independent","default","","","","Default conservative identity, no merges applied.","Auto-import from source:0002 (TIPNR - Translators Individualised Proper Names with all References - STEPBible.org CC BY.txt)"
"idopt-0176","person-000176","Joseph@Mat.27.57-Jhn=G2501I","independent","default","","","","Default conservative identity, no merges applied.","Auto-import from source:0002 (TIPNR - Translators Individualised Proper Names with all References - STEPBible.org CC BY.txt)"
"idopt-0177","person-000177","Joses@Mat.13.55-Mrk=G2500G","independent","default","","","","Default conservative identity, no merges applied.","Auto-import from source:0002 (TIPNR - Translators Individualised Proper Names with all References - STEPBible.org CC BY.txt)"
"idopt-0178","person-000178","Joses@Mat.27.56-Mrk=G2500H","independent","default","","","","Default conservative identity, no merges applied.","Auto-import from source:0002 (TIPNR - Translators Individualised Proper Names with all References - STEPBible.org CC BY.txt)"
"idopt-0179","person-000179","Joshua@Exo.17.9-Heb=H3091G","independent","default","","","","Default conservative identity, no merges applied.","Auto-import from source:0002 (TIPNR - Translators Individualised Proper Names with all References - STEPBible.org CC BY.txt)"
"idopt-0180","person-000180","Joshua@Luk.3.29=G2424K","independent","default","","","","Default conservative identity, no merges applied.","Auto-import from source:0002 (TIPNR - Translators Individualised Proper Names with all References - STEPBible.org CC BY.txt)"
"idopt-0181","person-000181","Josiah@1Ki.13.2-Mat=H2977G","independent","default","","","","Default conservative identity, no merges applied.","Auto-import from source:0002 (TIPNR - Translators Individualised Proper Names with all References - STEPBible.org CC BY.txt)"
"idopt-0182","person-000182","Jotham@2Ki.15.5-Mat=H3147H","independent","default","","","","Default conservative identity, no merges applied.","Auto-import from source:0002 (TIPNR - Translators Individualised Proper Names with all References - STEPBible.org CC BY.txt)"
"idopt-0183","person-000183","Judah@Gen.29.35-Rev=H3063G","independent","default","","","","Default conservative identity, no merges applied.","Auto-import from source:0002 (TIPNR - Translators Individualised Proper Names with all References - STEPBible.org CC BY.txt)"
"idopt-0184","person-000184","Judah@Luk.3.30=G2455J","independent","default","","","","Default conservative identity, no merges applied.","Auto-import from source:0002 (TIPNR - Translators Individualised Proper Names with all References - STEPBible.org CC BY.txt)"
"idopt-0185","person-000185","Judas@Act.15.22-=G2455M","independent","default","","","","Default conservative identity, no merges applied.","Auto-import from source:0002 (TIPNR - Translators Individualised Proper Names with all References - STEPBible.org CC BY.txt)"
"idopt-0186","person-000186","Judas@Act.5.37=G2455K","independent","default","","","","Default conservative identity, no merges applied.","Auto-import from source:0002 (TIPNR - Translators Individualised Proper Names with all References - STEPBible.org CC BY.txt)"
"idopt-0187","person-000187","Judas@Act.9.11=G2455L","independent","default","","","","Default conservative identity, no merges applied.","Auto-import from source:0002 (TIPNR - Translators Individualised Proper Names with all References - STEPBible.org CC BY.txt)"
"idopt-0188","person-000188","Judas@Mat.10.3-Act=G2455G","independent","default","","","","Default conservative identity, no merges applied.","Auto-import from source:0002 (TIPNR - Translators Individualised Proper Names with all References - STEPBible.org CC BY.txt)"
"idopt-0189","person-000189","Judas@Mat.10.4-Act=G2455H","independent","default","","","","Default conservative identity, no merges applied.","Auto-import from source:0002 (TIPNR - Translators Individualised Proper Names with all References - STEPBible.org CC BY.txt)"
"idopt-0190","person-000190","Jude@Mat.13.55-Jud=G2455I","independent","default","","","","Default conservative identity, no merges applied.","Auto-import from source:0002 (TIPNR - Translators Individualised Proper Names with all References - STEPBible.org CC BY.txt)"
"idopt-0191","person-000191","Julia@Rom.16.15=G2456","independent","default","","","","Default conservative identity, no merges applied.","Auto-import from source:0002 (TIPNR - Translators Individualised Proper Names with all References - STEPBible.org CC BY.txt)"
"idopt-0192","person-000192","Julius@Act.27.1-=G2457","independent","default","","","","Default conservative identity, no merges applied.","Auto-import from source:0002 (TIPNR - Translators Individualised Proper Names with all References - STEPBible.org CC BY.txt)"
"idopt-0193","person-000193","Junia@Rom.16.7=G2458","independent","default","","","","Default conservative identity, no merges applied.","Auto-import from source:0002 (TIPNR - Translators Individualised Proper Names with all References - STEPBible.org CC BY.txt)"
"idopt-0194","person-000194","Justus@Act.18.7=G2459G","independent","default","","","","Default conservative identity, no merges applied.","Auto-import from source:0002 (TIPNR - Translators Individualised Proper Names with all References - STEPBible.org CC BY.txt)"
"idopt-0195","person-000195","Justus@Col.4.11=G2459H","independent","default","","","","Default conservative identity, no merges applied.","Auto-import from source:0002 (TIPNR - Translators Individualised Proper Names with all References - STEPBible.org CC BY.txt)"
"idopt-0196","person-000196","Kenan@Gen.5.9-Luk=H7018","independent","default","","","","Default conservative identity, no merges applied.","Auto-import from source:0002 (TIPNR - Translators Individualised Proper Names with all References - STEPBible.org CC BY.txt)"
"idopt-0197","person-000197","Kish@1Sa.9.1-Act=H7027G","independent","default","","","","Default conservative identity, no merges applied.","Auto-import from source:0002 (TIPNR - Translators Individualised Proper Names with all References - STEPBible.org CC BY.txt)"
"idopt-0199","person-000199","Lamech@Gen.5.25-Luk=H3929H","independent","default","","","","Default conservative identity, no merges applied.","Auto-import from source:0002 (TIPNR - Translators Individualised Proper Names with all References - STEPBible.org CC BY.txt)"
"idopt-0200","person-000200","Lazarus@Jhn.11.1-=G2976H","independent","default","","","","Default conservative identity, no merges applied.","Auto-import from source:0002 (TIPNR - Translators Individualised Proper Names with all References - STEPBible.org CC BY.txt)"
"idopt-0201","person-000201","Lazarus@Luk.16.20-=G2976G","independent","default","","","","Default conservative identity, no merges applied.","Auto-import from source:0002 (TIPNR - Translators Individualised Proper Names with all References - STEPBible.org CC BY.txt)"
"idopt-0202","person-000202","Levi@Gen.29.34-Rev=H3878","independent","default","","","","Default conservative identity, no merges applied.","Auto-import from source:0002 (TIPNR - Translators Individualised Proper Names with all References - STEPBible.org CC BY.txt)"
"idopt-0203","person-000203","Levi@Luk.3.24=G3017G","independent","default","","","","Default conservative identity, no merges applied.","Auto-import from source:0002 (TIPNR - Translators Individualised Proper Names with all References - STEPBible.org CC BY.txt)"
"idopt-0204","person-000204","Levi@Luk.3.29=G3017H","independent","default","","","","Default conservative identity, no merges applied.","Auto-import from source:0002 (TIPNR - Translators Individualised Proper Names with all References - STEPBible.org CC BY.txt)"
"idopt-0205","person-000205","Linus@2Ti.4.21=G3044","independent","default","","","","Default conservative identity, no merges applied.","Auto-import from source:0002 (TIPNR - Translators Individualised Proper Names with all References - STEPBible.org CC BY.txt)"
"idopt-0206","person-000206","Lois@2Ti.1.5=G3090","independent","default","","","","Default conservative identity, no merges applied.","Auto-import from source:0002 (TIPNR - Translators Individualised Proper Names with all References - STEPBible.org CC BY.txt)"
"idopt-0207","person-000207","Lot@Gen.11.27-2Pe=H3876G","independent","default","","","","Default conservative identity, no merges applied.","Auto-import from source:0002 (TIPNR - Translators Individualised Proper Names with all References - STEPBible.org CC BY.txt)"
"idopt-0208","person-000208","Lucius@Act.13.1-Rom=G3066","independent","default","","","","Default conservative identity, no merges applied.","Auto-import from source:0002 (TIPNR - Translators Individualised Proper Names with all References - STEPBible.org CC BY.txt)"
"idopt-0209","person-000209","Luke@2Co.13.13-Phm=G3065","independent","default","","","","Default conservative identity, no merges applied.","Auto-import from source:0002 (TIPNR - Translators Individualised Proper Names with all References - STEPBible.org CC BY.txt)"
"idopt-0210","person-000210","Lydia@Act.16.14-=G3070","independent","default","","","","Default conservative identity, no merges applied.","Auto-import from source:0002 (TIPNR - Translators Individualised Proper Names with all References - STEPBible.org CC BY.txt)"
"idopt-0211","person-000211","Lysanias@Luk.3.1=G3078","independent","default","","","","Default conservative identity, no merges applied.","Auto-import from source:0002 (TIPNR - Translators Individualised Proper Names with all References - STEPBible.org CC BY.txt)"
"idopt-0212","person-000212","Lysias@Act.23.26-=G3079","independent","default","","","","Default conservative identity, no merges applied.","Auto-import from source:0002 (TIPNR - Translators Individualised Proper Names with all References - STEPBible.org CC BY.txt)"
"idopt-0213","person-000213","Maath@Luk.3.26=G3092","independent","default","","","","Default conservative identity, no merges applied.","Auto-import from source:0002 (TIPNR - Translators Individualised Proper Names with all References - STEPBible.org CC BY.txt)"
"idopt-0214","person-000214","Mahalalel@Gen.5.12-Luk=H4111G","independent","default","","","","Default conservative identity, no merges applied.","Auto-import from source:0002 (TIPNR - Translators Individualised Proper Names with all References - STEPBible.org CC BY.txt)"
"idopt-0215","person-000215","Malchus@Jhn.18.10=G3124","independent","default","","","","Default conservative identity, no merges applied.","Auto-import from source:0002 (TIPNR - Translators Individualised Proper Names with all References - STEPBible.org CC BY.txt)"
"idopt-0216","person-000216","Manaen@Act.13.1=G3127","independent","default","","","","Default conservative identity, no merges applied.","Auto-import from source:0002 (TIPNR - Translators Individualised Proper Names with all References - STEPBible.org CC BY.txt)"
"idopt-0217","person-000217","Manasseh@2Ki.20.21-Mat=H4519H","independent","default","","","","Default conservative identity, no merges applied.","Auto-import from source:0002 (TIPNR - Translators Individualised Proper Names with all References - STEPBible.org CC BY.txt)"
"idopt-0219","person-000219","Mark@Act.12.12-1Pe=G3138","independent","default","","","","Default conservative identity, no merges applied.","Auto-import from source:0002 (TIPNR - Translators Individualised Proper Names with all References - STEPBible.org CC BY.txt)"
"idopt-0220","person-000220","Martha@Luk.10.38-Jhn=G3136","independent","default","","","","Default conservative identity, no merges applied.","Auto-import from source:0002 (TIPNR - Translators Individualised Proper Names with all References - STEPBible.org CC BY.txt)"
"idopt-0221","person-000221","Mary@Act.12.12=G3137L","independent","default","","","","Default conservative identity, no merges applied.","Auto-import from source:0002 (TIPNR - Translators Individualised Proper Names with all References - STEPBible.org CC BY.txt)"
"idopt-0222","person-000222","Mary@Luk.10.39-Jhn=G3137J","independent","default","","","","Default conservative identity, no merges applied.","Auto-import from source:0002 (TIPNR - Translators Individualised Proper Names with all References - STEPBible.org CC BY.txt)"
"idopt-0223","person-000223","Mary@Mat.1.16-Act=G3137G","independent","default","","","","Default conservative identity, no merges applied.","Auto-import from source:0002 (TIPNR - Translators Individualised Proper Names with all References - STEPBible.org CC BY.txt)"
"idopt-0224","person-000224","Mary@Mat.27.56-Jhn=G3137K","independent","default","","","","Default conservative identity, no merges applied.","Auto-import from source:0002 (TIPNR - Translators Individualised Proper Names with all References - STEPBible.org CC BY.txt)"
"idopt-0225","person-000225","Mary@Rom.16.6=G3137M","independent","default","","","","Default conservative identity, no merges applied.","Auto-import from source:0002 (TIPNR - Translators Individualised Proper Names with all References - STEPBible.org CC BY.txt)"
"idopt-0226","person-000226","Mary_Magdalene@Mat.27.56-Jhn=G3137I","independent","default","","","","Default conservative identity, no merges applied.","Auto-import from source:0002 (TIPNR - Translators Individualised Proper Names with all References - STEPBible.org CC BY.txt)"
"idopt-0227","person-000227","Mattatha@Luk.3.31=G3160","independent","default","","","","Default conservative identity, no merges applied.","Auto-import from source:0002 (TIPNR - Translators Individualised Proper Names with all References - STEPBible.org CC BY.txt)"
"idopt-0228","person-000228","Mattathias@Luk.3.25=G3161G","independent","default","","","","Default conservative identity, no merges applied.","Auto-import from source:0002 (TIPNR - Translators Individualised Proper Names with all References - STEPBible.org CC BY.txt)"
"idopt-0229","person-000229","Mattathias@Luk.3.26=G3161H","independent","default","","","","Default conservative identity, no merges applied.","Auto-import from source:0002 (TIPNR - Translators Individualised Proper Names with all References - STEPBible.org CC BY.txt)"
"idopt-0230","person-000230","Matthan@Mat.1.15=G3157","independent","default","","","","Default conservative identity, no merges applied.","Auto-import from source:0002 (TIPNR - Translators Individualised Proper Names with all References - STEPBible.org CC BY.txt)"
"idopt-0231","person-000231","Matthat@Luk.3.24=G3158G","independent","default","","","","Default conservative identity, no merges applied.","Auto-import from source:0002 (TIPNR - Translators Individualised Proper Names with all References - STEPBible.org CC BY.txt)"
"idopt-0232","person-000232","Matthat@Luk.3.29=G3158H","independent","default","","","","Default conservative identity, no merges applied.","Auto-import from source:0002 (TIPNR - Translators Individualised Proper Names with all References - STEPBible.org CC BY.txt)"
"idopt-0233","person-000233","Matthew@Mat.9.9-Act=G3156","independent","default","","","","Default conservative identity, no merges applied.","Auto-import from source:0002 (TIPNR - Translators Individualised Proper Names with all References - STEPBible.org CC BY.txt)"
"idopt-0234","person-000234","Matthias@Act.1.23-=G3159","independent","default","","","","Default conservative identity, no merges applied.","Auto-import from source:0002 (TIPNR - Translators Individualised Proper Names with all References - STEPBible.org CC BY.txt)"
"idopt-0235","person-000235","Melchi@Luk.3.24=G3197G","independent","default","","","","Default conservative identity, no merges applied.","Auto-import from source:0002 (TIPNR - Translators Individualised Proper Names with all References - STEPBible.org CC BY.txt)"
"idopt-0236","person-000236","Melchi@Luk.3.28=G3197H","independent","default","","","","Default conservative identity, no merges applied.","Auto-import from source:0002 (TIPNR - Translators Individualised Proper Names with all References - STEPBible.org CC BY.txt)"
"idopt-0237","person-000237","Melchizedek@Gen.14.18-Heb=H4442","independent","default","","","","Default conservative identity, no merges applied.","Auto-import from source:0002 (TIPNR - Translators Individualised Proper Names with all References - STEPBible.org CC BY.txt)"
"idopt-0238","person-000238","Melea@Luk.3.31=G3190","independent","default","","","","Default conservative identity, no merges applied.","Auto-import from source:0002 (TIPNR - Translators Individualised Proper Names with all References - STEPBible.org CC BY.txt)"
"idopt-0239","person-000239","Menna@Luk.3.31=G3104","independent","default","","","","Default conservative identity, no merges applied.","Auto-import from source:0002 (TIPNR - Translators Individualised Proper Names with all References - STEPBible.org CC BY.txt)"
"idopt-0240","person-000240","Methuselah@Gen.5.21-Luk=H4968","independent","default","","","","Default conservative identity, no merges applied.","Auto-import from source:0002 (TIPNR - Translators Individualised Proper Names with all References - STEPBible.org CC BY.txt)"
"idopt-0241","person-000241","Mnason@Act.21.16=G3416","independent","default","","","","Default conservative identity, no merges applied.","Auto-import from source:0002 (TIPNR - Translators Individualised Proper Names with all References - STEPBible.org CC BY.txt)"
"idopt-0242","person-000242","Moses@Exo.2.10-Rev=H4872","independent","default","","","","Default conservative identity, no merges applied.","Auto-import from source:0002 (TIPNR - Translators Individualised Proper Names with all References - STEPBible.org CC BY.txt)"
"idopt-0243","person-000243","Naaman@2Ki.5.1-Luk=H5283I","independent","default","","","","Default conservative identity, no merges applied.","Auto-import from source:0002 (TIPNR - Translators Individualised Proper Names with all References - STEPBible.org CC BY.txt)"
"idopt-0244","person-000244","Naggai@Luk.3.25=G3477","independent","default","","","","Default conservative identity, no merges applied.","Auto-import from source:0002 (TIPNR - Translators Individualised Proper Names with all References - STEPBible.org CC BY.txt)"
"idopt-0245","person-000245","Nahor@Gen.11.22-Luk=H5152G","independent","default","","","","Default conservative identity, no merges applied.","Auto-import from source:0002 (TIPNR - Translators Individualised Proper Names with all References - STEPBible.org CC BY.txt)"
"idopt-0246","person-000246","Nahshon@Exo.6.23-Luk=H5177","independent","default","","","","Default conservative identity, no merges applied.","Auto-import from source:0002 (TIPNR - Translators Individualised Proper Names with all References - STEPBible.org CC BY.txt)"
"idopt-0247","person-000247","Nahum@Luk.3.25=G3486","independent","default","","","","Default conservative identity, no merges applied.","Auto-import from source:0002 (TIPNR - Translators Individualised Proper Names with all References - STEPBible.org CC BY.txt)"
"idopt-0249","person-000249","Narcissus@Rom.16.11=G3488","independent","default","","","","Default conservative identity, no merges applied.","Auto-import from source:0002 (TIPNR - Translators Individualised Proper Names with all References - STEPBible.org CC BY.txt)"
"idopt-0250","person-000250","Nathan@2Sa.5.14-Luk=H5416G","independent","default","","","","Default conservative identity, no merges applied.","Auto-import from source:0002 (TIPNR - Translators Individualised Proper Names with all References - STEPBible.org CC BY.txt)"
"idopt-0251","person-000251","Nathanael@Jhn.1.45-=G3482","independent","default","","","","Default conservative identity, no merges applied.","Auto-import from source:0002 (TIPNR - Translators Individualised Proper Names with all References - STEPBible.org CC BY.txt)"
"idopt-0252","person-000252","Nereus@Rom.16.15=G3517","independent","default","","","","Default conservative identity, no merges applied.","Auto-import from source:0002 (TIPNR - Translators Individualised Proper Names with all References - STEPBible.org CC BY.txt)"
"idopt-0253","person-000253","Neri@Luk.3.27=G3518","independent","default","","","","Default conservative identity, no merges applied.","Auto-import from source:0002 (TIPNR - Translators Individualised Proper Names with all References - STEPBible.org CC BY.txt)"
"idopt-0255","person-000255","Nicanor@Act.6.5=G3527","independent","default","","","","Default conservative identity, no merges applied.","Auto-import from source:0002 (TIPNR - Translators Individualised Proper Names with all References - STEPBible.org CC BY.txt)"
"idopt-0256","person-000256","Nicodemus@Jhn.3.1-=G3530","independent","default","","","","Default conservative identity, no merges applied.","Auto-import from source:0002 (TIPNR - Translators Individualised Proper Names with all References - STEPBible.org CC BY.txt)"
"idopt-0257","person-000257","Nicolaus@Act.6.5=G3532","independent","default","","","","Default conservative identity, no merges applied.","Auto-import from source:0002 (TIPNR - Translators Individualised Proper Names with all References - STEPBible.org CC BY.txt)"
"idopt-0258","person-000258","Noah@Gen.5.29-2Pe=H5146","independent","default","","","","Default conservative identity, no merges applied.","Auto-import from source:0002 (TIPNR - Translators Individualised Proper Names with all References - STEPBible.org CC BY.txt)"
"idopt-0259","person-000259","Nympha@Col.4.15=G3564","independent","default","","","","Default conservative identity, no merges applied.","Auto-import from source:0002 (TIPNR - Translators Individualised Proper Names with all References - STEPBible.org CC BY.txt)"
"idopt-0260","person-000260","Obed@Rut.4.17-Luk=H5744G","independent","default","","","","Default conservative identity, no merges applied.","Auto-import from source:0002 (TIPNR - Translators Individualised Proper Names with all References - STEPBible.org CC BY.txt)"
"idopt-0261","person-000261","Olympas@Rom.16.15=G3652","independent","default","","","","Default conservative identity, no merges applied.","Auto-import from source:0002 (TIPNR - Translators Individualised Proper Names with all References - STEPBible.org CC BY.txt)"
"idopt-0262","person-000262","Onesimus@Col.4.9-Phm=G3682","independent","default","","","","Default conservative identity, no merges applied.","Auto-import from source:0002 (TIPNR - Translators Individualised Proper Names with all References - STEPBible.org CC BY.txt)"
"idopt-0263","person-000263","Onesiphorus@2Ti.1.16-=G3683","independent","default","","","","Default conservative identity, no merges applied.","Auto-import from source:0002 (TIPNR - Translators Individualised Proper Names with all References - STEPBible.org CC BY.txt)"
"idopt-0264","person-000264","Parmenas@Act.6.5=G3937","independent","default","","","","Default conservative identity, no merges applied.","Auto-import from source:0002 (TIPNR - Translators Individualised Proper Names with all References - STEPBible.org CC BY.txt)"
"idopt-0265","person-000265","Patrobas@Rom.16.14=G3969","independent","default","","","","Default conservative identity, no merges applied.","Auto-import from source:0002 (TIPNR - Translators Individualised Proper Names with all References - STEPBible.org CC BY.txt)"
"idopt-0266","person-000266","Paul@Act.7.58-2Pe=G3972G","independent","default","","","","Default conservative identity, no merges applied.","Auto-import from source:0002 (TIPNR - Translators Individualised Proper Names with all References - STEPBible.org CC BY.txt)"
"idopt-0267","person-000267","Peleg@Gen.10.25-Luk=H6389","independent","default","","","","Default conservative identity, no merges applied.","Auto-import from source:0002 (TIPNR - Translators Individualised Proper Names with all References - STEPBible.org CC BY.txt)"
"idopt-0269","person-000269","Persis@Rom.16.12=G4069","independent","default","","","","Default conservative identity, no merges applied.","Auto-import from source:0002 (TIPNR - Translators Individualised Proper Names with all References - STEPBible.org CC BY.txt)"
"idopt-0270","person-000270","Peter@Mat.4.18-2Pe=G4074G","independent","default","","","","Default conservative identity, no merges applied.","Auto-import from source:0002 (TIPNR - Translators Individualised Proper Names with all References - STEPBible.org CC BY.txt)"
"idopt-0271","person-000271","Phanuel@Luk.2.36=G5323","independent","default","","","","Default conservative identity, no merges applied.","Auto-import from source:0002 (TIPNR - Translators Individualised Proper Names with all References - STEPBible.org CC BY.txt)"
"idopt-0272","person-000272","Philemon@Phm.1.1-=G5371","independent","default","","","","Default conservative identity, no merges applied.","Auto-import from source:0002 (TIPNR - Translators Individualised Proper Names with all References - STEPBible.org CC BY.txt)"
"idopt-0273","person-000273","Philetus@2Ti.2.17=G5372","independent","default","","","","Default conservative identity, no merges applied.","Auto-import from source:0002 (TIPNR - Translators Individualised Proper Names with all References - STEPBible.org CC BY.txt)"
"idopt-0274","person-000274","Philip@Act.6.5-=G5376J","independent","default","","","","Default conservative identity, no merges applied.","Auto-import from source:0002 (TIPNR - Translators Individualised Proper Names with all References - STEPBible.org CC BY.txt)"
"idopt-0275","person-000275","Philip@Luk.3.1=G5376I","independent","default","","","","Default conservative identity, no merges applied.","Auto-import from source:0002 (TIPNR - Translators Individualised Proper Names with all References - STEPBible.org CC BY.txt)"
"idopt-0276","person-000276","Philip@Mat.10.3-Act=G5376G","independent","default","","","","Default conservative identity, no merges applied.","Auto-import from source:0002 (TIPNR - Translators Individualised Proper Names with all References - STEPBible.org CC BY.txt)"
"idopt-0277","person-000277","Philip@Mat.14.3-Luk=G5376H","independent","default","","","","Default conservative identity, no merges applied.","Auto-import from source:0002 (TIPNR - Translators Individualised Proper Names with all References - STEPBible.org CC BY.txt)"
"idopt-0278","person-000278","Philologus@Rom.16.15=G5378","independent","default","","","","Default conservative identity, no merges applied.","Auto-import from source:0002 (TIPNR - Translators Individualised Proper Names with all References - STEPBible.org CC BY.txt)"
"idopt-0279","person-000279","Phlegon@Rom.16.14=G5393","independent","default","","","","Default conservative identity, no merges applied.","Auto-import from source:0002 (TIPNR - Translators Individualised Proper Names with all References - STEPBible.org CC BY.txt)"
"idopt-0280","person-000280","Phoebe@Rom.16.1-=G5402","independent","default","","","","Default conservative identity, no merges applied.","Auto-import from source:0002 (TIPNR - Translators Individualised Proper Names with all References - STEPBible.org CC BY.txt)"
"idopt-0281","person-000281","Phygelus@2Ti.1.15=G5436","independent","default","","","","Default conservative identity, no merges applied.","Auto-import from source:0002 (TIPNR - Translators Individualised Proper Names with all References - STEPBible.org CC BY.txt)"
"idopt-0282","person-000282","Pilate@Mat.27.2-1Ti=G4091","independent","default","","","","Default conservative identity, no merges applied.","Auto-import from source:0002 (TIPNR - Translators Individualised Proper Names with all References - STEPBible.org CC BY.txt)"
"idopt-0283","person-000283","Priscilla@Act.18.2-2Ti=G4252","independent","default","","","","Default conservative identity, no merges applied.","Auto-import from source:0002 (TIPNR - Translators Individualised Proper Names with all References - STEPBible.org CC BY.txt)"
"idopt-0284","person-000284","Prochorus@Act.6.5=G4402","independent","default","","","","Default conservative identity, no merges applied.","Auto-import from source:0002 (TIPNR - Translators Individualised Proper Names with all References - STEPBible.org CC BY.txt)"
"idopt-0285","person-000285","Publius@Act.28.7-=G4196","independent","default","","","","Default conservative identity, no merges applied.","Auto-import from source:0002 (TIPNR - Translators Individualised Proper Names with all References - STEPBible.org CC BY.txt)"
"idopt-0286","person-000286","Pudens@2Ti.4.21=G4227","independent","default","","","","Default conservative identity, no merges applied.","Auto-import from source:0002 (TIPNR - Translators Individualised Proper Names with all References - STEPBible.org CC BY.txt)"
"idopt-0287","person-000287","Pyrrhus@Act.20.4=G6077","independent","default","","","","Default conservative identity, no merges applied.","Auto-import from source:0002 (TIPNR - Translators Individualised Proper Names with all References - STEPBible.org CC BY.txt)"
"idopt-0288","person-000288","Quartus@Rom.16.23=G2890","independent","default","","","","Default conservative identity, no merges applied.","Auto-import from source:0002 (TIPNR - Translators Individualised Proper Names with all References - STEPBible.org CC BY.txt)"
"idopt-0289","person-000289","Quirinius@Luk.2.2=G2958","independent","default","","","","Default conservative identity, no merges applied.","Auto-import from source:0002 (TIPNR - Translators Individualised Proper Names with all References - STEPBible.org CC BY.txt)"
"idopt-0290","person-000290","Rachel@Gen.29.6-Mat=H7354","independent","default","","","","Default conservative identity, no merges applied.","Auto-import from source:0002 (TIPNR - Translators Individualised Proper Names with all References - STEPBible.org CC BY.txt)"
"idopt-0291","person-000291","Rahab@Jos.2.1-Jas=H7343","independent","default","","","","Default conservative identity, no merges applied.","Auto-import from source:0002 (TIPNR - Translators Individualised Proper Names with all References - STEPBible.org CC BY.txt)"
"idopt-0292","person-000292","Ram@Rut.4.19-Luk=H7410G","independent","default","","","","Default conservative identity, no merges applied.","Auto-import from source:0002 (TIPNR - Translators Individualised Proper Names with all References - STEPBible.org CC BY.txt)"
"idopt-0293","person-000293","Rebekah@Gen.22.23-Rom=H7259","independent","default","","","","Default conservative identity, no merges applied.","Auto-import from source:0002 (TIPNR - Translators Individualised Proper Names with all References - STEPBible.org CC BY.txt)"
"idopt-0294","person-000294","Rehoboam@1Ki.11.43-Mat=H7346","independent","default","","","","Default conservative identity, no merges applied.","Auto-import from source:0002 (TIPNR - Translators Individualised Proper Names with all References - STEPBible.org CC BY.txt)"
"idopt-0295","person-000295","Reu@Gen.11.18-Luk=H7466","independent","default","","","","Default conservative identity, no merges applied.","Auto-import from source:0002 (TIPNR - Translators Individualised Proper Names with all References - STEPBible.org CC BY.txt)"
"idopt-0297","person-000297","Rhesa@Luk.3.27=G4488","independent","default","","","","Default conservative identity, no merges applied.","Auto-import from source:0002 (TIPNR - Translators Individualised Proper Names with all References - STEPBible.org CC BY.txt)"
"idopt-0298","person-000298","Rhoda@Act.12.13=G4498","independent","default","","","","Default conservative identity, no merges applied.","Auto-import from source:0002 (TIPNR - Translators Individualised Proper Names with all References - STEPBible.org CC BY.txt)"
"idopt-0299","person-000299","Rufus@Mrk.15.21=G4504G","independent","default","","","","Default conservative identity, no merges applied.","Auto-import from source:0002 (TIPNR - Translators Individualised Proper Names with all References - STEPBible.org CC BY.txt)"
"idopt-0300","person-000300","Rufus@Rom.16.13=G4504H","independent","default","","","","Default conservative identity, no merges applied.","Auto-import from source:0002 (TIPNR - Translators Individualised Proper Names with all References - STEPBible.org CC BY.txt)"
"idopt-0301","person-000301","Ruth@Rut.1.4-Mat=H7327","independent","default","","","","Default conservative identity, no merges applied.","Auto-import from source:0002 (TIPNR - Translators Individualised Proper Names with all References - STEPBible.org CC BY.txt)"
"idopt-0302","person-000302","Salmon@Rut.4.20-Luk=H8007G","independent","default","","","","Default conservative identity, no merges applied.","Auto-import from source:0002 (TIPNR - Translators Individualised Proper Names with all References - STEPBible.org CC BY.txt)"
"idopt-0304","person-000304","Salome@Mat.20.20-Mrk=G4539","independent","default","","","","Default conservative identity, no merges applied.","Auto-import from source:0002 (TIPNR - Translators Individualised Proper Names with all References - STEPBible.org CC BY.txt)"
"idopt-0305","person-000305","Samson@Jdg.13.24-Heb=H8123","independent","default","","","","Default conservative identity, no merges applied.","Auto-import from source:0002 (TIPNR - Translators Individualised Proper Names with all References - STEPBible.org CC BY.txt)"
"idopt-0306","person-000306","Samuel@1Sa.1.20-Heb=H8050G","independent","default","","","","Default conservative identity, no merges applied.","Auto-import from source:0002 (TIPNR - Translators Individualised Proper Names with all References - STEPBible.org CC BY.txt)"
"idopt-0307","person-000307","Sapphira@Act.5.1=G4551","independent","default","","","","Default conservative identity, no merges applied.","Auto-import from source:0002 (TIPNR - Translators Individualised Proper Names with all References - STEPBible.org CC BY.txt)"
"idopt-0308","person-000308","Sarah@Gen.11.29-1Pe=H8283","independent","default","","","","Default conservative identity, no merges applied.","Auto-import from source:0002 (TIPNR - Translators Individualised Proper Names with all References - STEPBible.org CC BY.txt)"
"idopt-0309","person-000309","Saul@1Sa.9.2-Act=H7586G","independent","default","","","","Default conservative identity, no merges applied.","Auto-import from source:0002 (TIPNR - Translators Individualised Proper Names with all References - STEPBible.org CC BY.txt)"
"idopt-0310","person-000310","Sceva@Act.19.14=G4630","independent","default","","","","Default conservative identity, no merges applied.","Auto-import from source:0002 (TIPNR - Translators Individualised Proper Names with all References - STEPBible.org CC BY.txt)"
"idopt-0311","person-000311","Secundus@Act.20.4=G4580","independent","default","","","","Default conservative identity, no merges applied.","Auto-import from source:0002 (TIPNR - Translators Individualised Proper Names with all References - STEPBible.org CC BY.txt)"
"idopt-0312","person-000312","Semein@Luk.3.26=G4584","independent","default","","","","Default conservative identity, no merges applied.","Auto-import from source:0002 (TIPNR - Translators Individualised Proper Names with all References - STEPBible.org CC BY.txt)"
"idopt-0313","person-000313","Sergius_Paulus@Act.13.7=G4588","independent","default","","","","Default conservative identity, no merges applied.","Auto-import from source:0002 (TIPNR - Translators Individualised Proper Names with all References - STEPBible.org CC BY.txt)"
"idopt-0314","person-000314","Serug@Gen.11.20-Luk=H8286","independent","default","","","","Default conservative identity, no merges applied.","Auto-import from source:0002 (TIPNR - Translators Individualised Proper Names with all References - STEPBible.org CC BY.txt)"
"idopt-0315","person-000315","Seth@Gen.4.25-Luk=H8352","independent","default","","","","Default conservative identity, no merges applied.","Auto-import from source:0002 (TIPNR - Translators Individualised Proper Names with all References - STEPBible.org CC BY.txt)"
"idopt-0316","person-000316","Shealtiel@1Ch.3.17-Mat=H7597A","independent","default","","","","Default conservative identity, no merges applied.","Auto-import from source:0002 (TIPNR - Translators Individualised Proper Names with all References - STEPBible.org CC BY.txt)"
"idopt-0317","person-000317","Shealtiel@Luk.3.27=G4528G","independent","default","","","","Default conservative identity, no merges applied.","Auto-import from source:0002 (TIPNR - Translators Individualised Proper Names with all References - STEPBible.org CC BY.txt)"
"idopt-0318","person-000318","Shelah@Gen.10.24-Luk=H7974","independent","default","","","","Default conservative identity, no merges applied.","Auto-import from source:0002 (TIPNR - Translators Individualised Proper Names with all References - STEPBible.org CC BY.txt)"
"idopt-0319","person-000319","Shem@Gen.5.32-Luk=H8035","independent","default","","","","Default conservative identity, no merges applied.","Auto-import from source:0002 (TIPNR - Translators Individualised Proper Names with all References - STEPBible.org CC BY.txt)"
"idopt-0320","person-000320","Silas@Act.15.22-1Pe=G4609","independent","default","","","","Default conservative identity, no merges applied.","Auto-import from source:0002 (TIPNR - Translators Individualised Proper Names with all References - STEPBible.org CC BY.txt)"
"idopt-0321","person-000321","Simeon@Act.13.1=G4826I","independent","default","","","","Default conservative identity, no merges applied.","Auto-import from source:0002 (TIPNR - Translators Individualised Proper Names with all References - STEPBible.org CC BY.txt)"
"idopt-0322","person-000322","Simeon@Gen.29.33-Rev=H8095G","independent","default","","","","Default conservative identity, no merges applied.","Auto-import from source:0002 (TIPNR - Translators Individualised Proper Names with all References - STEPBible.org CC BY.txt)"
"idopt-0323","person-000323","Simeon@Luk.2.25-=G4826G","independent","default","","","","Default conservative identity, no merges applied.","Auto-import from source:0002 (TIPNR - Translators Individualised Proper Names with all References - STEPBible.org CC BY.txt)"
"idopt-0324","person-000324","Simeon@Luk.3.30=G4826H","independent","default","","","","Default conservative identity, no merges applied.","Auto-import from source:0002 (TIPNR - Translators Individualised Proper Names with all References - STEPBible.org CC BY.txt)"
"idopt-0325","person-000325","Simon@Act.8.13-=G4613N","independent","default","","","","Default conservative identity, no merges applied.","Auto-import from source:0002 (TIPNR - Translators Individualised Proper Names with all References - STEPBible.org CC BY.txt)"
"idopt-0326","person-000326","Simon@Act.8.9-=G4613M","independent","default","","","","Default conservative identity, no merges applied.","Auto-import from source:0002 (TIPNR - Translators Individualised Proper Names with all References - STEPBible.org CC BY.txt)"
"idopt-0327","person-000327","Simon@Jhn.6.71-=G4613L","independent","default","","","","Default conservative identity, no merges applied.","Auto-import from source:0002 (TIPNR - Translators Individualised Proper Names with all References - STEPBible.org CC BY.txt)"
"idopt-0328","person-000328","Simon@Mat.10.4-Act=G4613G","independent","default","","","","Default conservative identity, no merges applied.","Auto-import from source:0002 (TIPNR - Translators Individualised Proper Names with all References - STEPBible.org CC BY.txt)"
"idopt-0329","person-000329","Simon@Mat.13.55-Mrk=G4613H","independent","default","","","","Default conservative identity, no merges applied.","Auto-import from source:0002 (TIPNR - Translators Individualised Proper Names with all References - STEPBible.org CC BY.txt)"
"idopt-0330","person-000330","Simon@Mat.26.6-Luk=G4613I","independent","default","","","","Default conservative identity, no merges applied.","Auto-import from source:0002 (TIPNR - Translators Individualised Proper Names with all References - STEPBible.org CC BY.txt)"
"idopt-0331","person-000331","Simon@Mat.27.32-Luk=G4613J","independent","default","","","","Default conservative identity, no merges applied.","Auto-import from source:0002 (TIPNR - Translators Individualised Proper Names with all References - STEPBible.org CC BY.txt)"
"idopt-0332","person-000332","Solomon@2Sa.5.14-Act=H8010","independent","default","","","","Default conservative identity, no merges applied.","Auto-import from source:0002 (TIPNR - Translators Individualised Proper Names with all References - STEPBible.org CC BY.txt)"
"idopt-0333","person-000333","Sopater@Act.20.4-Rom=G4986","independent","default","","","","Default conservative identity, no merges applied.","Auto-import from source:0002 (TIPNR - Translators Individualised Proper Names with all References - STEPBible.org CC BY.txt)"
"idopt-0334","person-000334","Sosthenes@Act.18.17-1Co=G4988","independent","default","","","","Default conservative identity, no merges applied.","Auto-import from source:0002 (TIPNR - Translators Individualised Proper Names with all References - STEPBible.org CC BY.txt)"
"idopt-0335","person-000335","Stachys@Rom.16.9=G4720","independent","default","","","","Default conservative identity, no merges applied.","Auto-import from source:0002 (TIPNR - Translators Individualised Proper Names with all References - STEPBible.org CC BY.txt)"
"idopt-0336","person-000336","Stephanas@1Co.1.16-=G4734","independent","default","","","","Default conservative identity, no merges applied.","Auto-import from source:0002 (TIPNR - Translators Individualised Proper Names with all References - STEPBible.org CC BY.txt)"
"idopt-0337","person-000337","Stephen@Act.6.5-=G4736","independent","default","","","","Default conservative identity, no merges applied.","Auto-import from source:0002 (TIPNR - Translators Individualised Proper Names with all References - STEPBible.org CC BY.txt)"
"idopt-0338","person-000338","Susanna@Luk.8.3=G4677","independent","default","","","","Default conservative identity, no merges applied.","Auto-import from source:0002 (TIPNR - Translators Individualised Proper Names with all References - STEPBible.org CC BY.txt)"
"idopt-0339","person-000339","Syntyche@Php.4.2=G4941","independent","default","","","","Default conservative identity, no merges applied.","Auto-import from source:0002 (TIPNR - Translators Individualised Proper Names with all References - STEPBible.org CC BY.txt)"
"idopt-0340","person-000340","Tabitha@Act.9.36-=G5000","independent","default","","","","Default conservative identity, no merges applied.","Auto-import from source:0002 (TIPNR - Translators Individualised Proper Names with all References - STEPBible.org CC BY.txt)"
"idopt-0341","person-000341","Tamar@Gen.38.6-Mat=H8559G","independent","default","","","","Default conservative identity, no merges applied.","Auto-import from source:0002 (TIPNR - Translators Individualised Proper Names with all References - STEPBible.org CC BY.txt)"
"idopt-0342","person-000342","Terah@Gen.11.24-Luk=H8646G","independent","default","","","","Default conservative identity, no merges applied.","Auto-import from source:0002 (TIPNR - Translators Individualised Proper Names with all References - STEPBible.org CC BY.txt)"
"idopt-0343","person-000343","Tertius@Rom.16.22=G5060","independent","default","","","","Default conservative identity, no merges applied.","Auto-import from source:0002 (TIPNR - Translators Individualised Proper Names with all References - STEPBible.org CC BY.txt)"
"idopt-0344","person-000344","Tertullus@Act.24.1-=G5061","independent","default","","","","Default conservative identity, no merges applied.","Auto-import from source:0002 (TIPNR - Translators Individualised Proper Names with all References - STEPBible.org CC BY.txt)"
"idopt-0345","person-000345","Theophilus@Luk.1.3-Act=G2321","independent","default","","","","Default conservative identity, no merges applied.","Auto-import from source:0002 (TIPNR - Translators Individualised Proper Names with all References - STEPBible.org CC BY.txt)"
"idopt-0346","person-000346","Theudas@Act.5.36=G2333","independent","default","","","","Default conservative identity, no merges applied.","Auto-import from source:0002 (TIPNR - Translators Individualised Proper Names with all References - STEPBible.org CC BY.txt)"
"idopt-0347","person-000347","Thomas@Mat.10.3-Act=G2381","independent","default","","","","Default conservative identity, no merges applied.","Auto-import from source:0002 (TIPNR - Translators Individualised Proper Names with all References - STEPBible.org CC BY.txt)"
"idopt-0348","person-000348","Tiberius@Mat.22.17-Jhn=G5086","independent","default","","","","Default conservative identity, no merges applied.","Auto-import from source:0002 (TIPNR - Translators Individualised Proper Names with all References - STEPBible.org CC BY.txt)"
"idopt-0349","person-000349","Timaeus@Mrk.10.46=G5090","independent","default","","","","Default conservative identity, no merges applied.","Auto-import from source:0002 (TIPNR - Translators Individualised Proper Names with all References - STEPBible.org CC BY.txt)"
"idopt-0350","person-000350","Timon@Act.6.5=G5096","independent","default","","","","Default conservative identity, no merges applied.","Auto-import from source:0002 (TIPNR - Translators Individualised Proper Names with all References - STEPBible.org CC BY.txt)"
"idopt-0351","person-000351","Timothy@Act.16.1-Heb=G5095G","independent","default","","","","Default conservative identity, no merges applied.","Auto-import from source:0002 (TIPNR - Translators Individualised Proper Names with all References - STEPBible.org CC BY.txt)"
"idopt-0352","person-000352","Titus@2Co.2.13-Tit=G5103","independent","default","","","","Default conservative identity, no merges applied.","Auto-import from source:0002 (TIPNR - Translators Individualised Proper Names with all References - STEPBible.org CC BY.txt)"
"idopt-0353","person-000353","Trophimus@Act.20.4-2Ti=G5161","independent","default","","","","Default conservative identity, no merges applied.","Auto-import from source:0002 (TIPNR - Translators Individualised Proper Names with all References - STEPBible.org CC BY.txt)"
"idopt-0354","person-000354","Tryphaena@Rom.16.12=G5170","independent","default","","","","Default conservative identity, no merges applied.","Auto-import from source:0002 (TIPNR - Translators Individualised Proper Names with all References - STEPBible.org CC BY.txt)"
"idopt-0355","person-000355","Tryphosa@Rom.16.12=G5173","independent","default","","","","Default conservative identity, no merges applied.","Auto-import from source:0002 (TIPNR - Translators Individualised Proper Names with all References - STEPBible.org CC BY.txt)"
"idopt-0356","person-000356","Tychicus@Act.20.4-Tit=G5190","independent","default","","","","Default conservative identity, no merges applied.","Auto-import from source:0002 (TIPNR - Translators Individualised Proper Names with all References - STEPBible.org CC BY.txt)"
"idopt-0357","person-000357","Tyrannus@Act.19.9=G5181","independent","default","","","","Default conservative identity, no merges applied.","Auto-import from source:0002 (TIPNR - Translators Individualised Proper Names with all References - STEPBible.org CC BY.txt)"
"idopt-0358","person-000358","Urbanus@Rom.16.9=G3773","independent","default","","","","Default conservative identity, no merges applied.","Auto-import from source:0002 (TIPNR - Translators Individualised Proper Names with all References - STEPBible.org CC BY.txt)"
"idopt-0359","person-000359","Uriah@2Sa.11.3-Mat=H0223A","independent","default","","","","Default conservative identity, no merges applied.","Auto-import from source:0002 (TIPNR - Translators Individualised Proper Names with all References - STEPBible.org CC BY.txt)"
"idopt-0360","person-000360","Uzziah@2Ki.14.21-Mat=H5818G","independent","default","","","","Default conservative identity, no merges applied.","Auto-import from source:0002 (TIPNR - Translators Individualised Proper Names with all References - STEPBible.org CC BY.txt)"
"idopt-0361","person-000361","Zacchaeus@Luk.19.2-=G2195","independent","default","","","","Default conservative identity, no merges applied.","Auto-import from source:0002 (TIPNR - Translators Individualised Proper Names with all References - STEPBible.org CC BY.txt)"
"idopt-0362","person-000362","Zadok@Mat.1.14=G4524","independent","default","","","","Default conservative identity, no merges applied.","Auto-import from source:0002 (TIPNR - Translators Individualised Proper Names with all References - STEPBible.org CC BY.txt)"
"idopt-0363","person-000363","Zebedee@Mat.4.21-Jhn=G2199G","independent","default","","","","Default conservative identity, no merges applied.","Auto-import from source:0002 (TIPNR - Translators Individualised Proper Names with all References - STEPBible.org CC BY.txt)"
"idopt-0365","person-000365","Zechariah@2Ch.24.20-Luk=H2148w","independent","default","","","","Default conservative identity, no merges applied.","Auto-import from source:0002 (TIPNR - Translators Individualised Proper Names with all References - STEPBible.org CC BY.txt)"
"idopt-0366","person-000366","Zechariah@Luk.1.5-=G2197H","independent","default","","","","Default conservative identity, no merges applied.","Auto-import from source:0002 (TIPNR - Translators Individualised Proper Names with all References - STEPBible.org CC BY.txt)"
"idopt-0367","person-000367","Zenas@Tit.3.13=G2211","independent","default","","","","Default conservative identity, no merges applied.","Auto-import from source:0002 (TIPNR - Translators Individualised Proper Names with all References - STEPBible.org CC BY.txt)"
"idopt-0368","person-000368","Zerah@Gen.38.30-Mat=H2226I","independent","default","","","","Default conservative identity, no merges applied.","Auto-import from source:0002 (TIPNR - Translators Individualised Proper Names with all References - STEPBible.org CC BY.txt)"
"idopt-0369","person-000369","Zerubbabel@1Ch.3.19-Mat=H2216","independent","default","","","","Default conservative identity, no merges applied.","Auto-import from source:0002 (TIPNR - Translators Individualised Proper Names with all References - STEPBible.org CC BY.txt)"
"idopt-0370","person-000370","Zerubbabel@Luk.3.27=G2216G","independent","default","","","","Default conservative identity, no merges applied.","Auto-import from source:0002 (TIPNR - Translators Individualised Proper Names with all References - STEPBible.org CC BY.txt)"
"idopt-0373","person-000371","Demetrius@Act.19.24-3Jn=G1216#split:3jn1","independent","default","","","","Default conservative identity, no merges applied.","Auto-import from source:0002 (TIPNR - Translators Individualised Proper Names with all References - STEPBible.org CC BY.txt)"
"idopt-0374","person-000372","Sopater@Act.20.4-Rom=G4986#split:rom16","independent","default","","","","Default conservative identity, no merges applied.","Auto-import from source:0002 (TIPNR - Translators Individualised Proper Names with all References - STEPBible.org CC BY.txt)"
"idopt-0377","person-000373","Alexander@1Ti.1.20-2Ti=G0223J#split:alexander-coppersmith","independent","default","","","","Default conservative identity, no merges applied.","Auto-import from source:0002 (TIPNR - Translators Individualised Proper Names with all References - STEPBible.org CC BY.txt)"
"idopt-0378","person-000374","Jezebel@Rev.2.20-H0348","independent","default","","","","Default conservative identity, no merges applied.","Auto-import from source:0002 (TIPNR - Translators Individualised Proper Names with all References - STEPBible.org CC BY.txt)"
"idopt-0379","person-000375","Simon@Act.8.13-=G4613N#split:simon-tanner","independent","default","","","","Default conservative identity, no merges applied.","Auto-import from source:0002 (TIPNR - Translators Individualised Proper Names with all References - STEPBible.org CC BY.txt)"
"idopt-0380","person-000376","Simon@Mat.26.6-Luk=G4613I#split:luk-7-pharisee","independent","default","","","","Default conservative identity, no merges applied.","Auto-import from source:0002 (TIPNR - Translators Individualised Proper Names with all References - STEPBible.org CC BY.txt)"
"idopt-0371","person-000055","Bartholomew@Mat.10.3-Act=G0918","disputed","common_tradition","trad-bartholomew-nathanael","person-000055","巴多罗买（拿但以？）","传统识别：巴多罗买与拿但业常被视为同一人物；现代研究有争议。仅作传统预设，不能自动定稿。","Traditional preset only: preserve as manual disputed identity option"
"idopt-0372","person-000251","Nathanael@Jhn.1.45-=G3482","disputed","common_tradition","trad-bartholomew-nathanael","person-000055","拿但业（巴多罗买？）","传统识别：巴多罗买与拿但业常被视为同一人物；现代研究有争议。仅作传统预设，不能自动定稿。","Traditional preset only: preserve as manual disputed identity option"
"idopt-0375","person-000333","Sopater@Act.20.4-Rom=G4986","disputed","common_tradition","trad-sopater-sosipater","person-000333","所巴特（所西巴德？）","Acts 20:4 and Romans 16:21 may refer to the same Pauline coworker, but the text does not explicitly identify them; conservative mode keeps them separate.","Traditional identification option; not asserted by the New Testament text."
"idopt-0376","person-000372","Sopater@Act.20.4-Rom=G4986#split:rom16","disputed","common_tradition","trad-sopater-sosipater","person-000333","所西巴德（所巴特？）","Romans 16:21 Sosipater may be the Sopater of Acts 20:4, but the identification remains uncertain; conservative mode keeps them separate.","Traditional identification option; not asserted by the New Testament text."